Type|Title|Start Date|End Date|Location|Description
Workshops|IoT na Educação do Futuro #CPNatal2 #OpenCampus|Aug. 18, 2019, 5:30 p.m.|Aug. 18, 2019, 7 p.m.|Natal, Rio Grande do Norte, Brazil|Utilizar wifi em suas aulas? Como? Com a internet das coisas na plataforma nodeMCU podemos incluir mais essa ferramentas em nossos projetos para a educação do futuro.
Workshops|Git para equipes e contribuição em projetos de software livre #CPNatal2 #COMUNIDADEDEVOPSRN|Aug. 18, 2019, 5:15 p.m.|Aug. 18, 2019, 6:30 p.m.|Natal, Rio Grande do Norte, Brazil|Soluções para problemas comumente enfrentados usando Git, noções de fluxo de trabalho em equipe e colaboração em projetos de software livre.
Workshops|Eu nunca...: Desvendando o machismo de todo dia #CPNatal2 #COMUNIDADEASBOYZINHASARRETADAS|Aug. 18, 2019, 5:05 p.m.|Aug. 18, 2019, 6 p.m.|Natal, Rio Grande do Norte, Brazil|Dinâmica realizada pelos coletivos WiE (Mulheres na Engenharia - UFRN) e MUTE (Mulheres Unidas nas Tecnologias e Exatas) sobre os pequenos machismos do cotidiano das áreas STEM que muitas vezes passam despercebidos.
Workshops|Introdução desenhos e animações em Javascript #CPNatal2 #COMUNIDADEDUMONTHACKERSPACE|Aug. 18, 2019, 4:15 p.m.|Aug. 18, 2019, 5 p.m.|Natal, Rio Grande do Norte, Brazil|Utilizando Javascript e bibliotecas com base em WebGL para gerar desenhos e animações no navegador.
Workshops|Oficina de Ferramentas #CPNatal2 #COMUNIDADEASBOYZINHASARRETADAS|Aug. 17, 2019, 3:15 p.m.|Aug. 17, 2019, 4 p.m.|Natal, Rio Grande do Norte, Brazil|A oficina de ferramentas vem para desconstruir tud
Workshops|Arduino Básico - Sensor de Proximidade com Leds #CPNatal2 #OpenCampus|Aug. 18, 2019, 5:30 p.m.|Aug. 18, 2019, 7 p.m.|Natal, Rio Grande do Norte, Brazil|A atividade será realizada com a utilização de princípios básicos de Arduino, programação e eletrônica para realizar uma base de sensores com visualização via Leds, um sensor de proximidade.
Workshops|[intro a python] Programação Orientada a Problemas #COMUNIDADEDUMONTHACKERSPACE|Aug. 18, 2019, 5:15 p.m.|Aug. 18, 2019, 6 p.m.|Natal, Rio Grande do Norte, Brazil|A ideia aqui é ensinar conceitos básicos de python aplicando scraping em paginas simples. Para capturar e manipular os dados “minerados” das páginas, as participantes precisarão manipular string, lists, criar condicionais, laços de repetição, etc. Elas vão ser conduzidas a aprender python enquanto resolve problemas.
Workshops|Arduíno na Educação do Futuro #CPNatal2 #OpenCampus|Aug. 17, 2019, 2 p.m.|Aug. 17, 2019, 3:30 p.m.|Natal, Rio Grande do Norte, Brazil|Você sabe o que é Arduino? É de comer? Não, pois venha aprender a como utilizar para aprender a ser um Maker na Educação.
Workshops|Workshop de Desenvolvimento Web com JavaScript para Iniciantes #CPNatal2 #COMUNIDADEDEVOPSRN|June 18, 2019, 1:15 p.m.|Aug. 18, 2019, 2 p.m.|Natal, Rio Grande do Norte, Brazil|Mostrar como javascript está inserido no mercado atual e dar uma introdução as tecnologias que usam javascript apresentando suas funcionalidades. Haverá a disponibilização do material da apresentação e de material extra no github.
Workshops|Minicompetição de Planadores no ambiente escolar #CPNatal2 #OpenCampus|Aug. 17, 2019, 3:30 p.m.|Aug. 17, 2019, 5 p.m.|Natal, Rio Grande do Norte, Brazil|A Minicompetição de Planadores é uma estratégia que busca proporcionar a motivação dos alunos de Ensino Fundamental e Médio pelo o estudo de Ciências e Matemática. Para o Ensino Fundamental o público alvo são alunos de 8º ano devido a competição estadual que tem calendário padrão de competição internacional .
Workshops|Quebrando captchas vulneráveis com processamento de imagens #CPNatal2 #COMUNIDADEDUMONTHACKERSPACE|Aug. 17, 2019, 5:15 p.m.|Aug. 17, 2019, 6 p.m.|Natal, Rio Grande do Norte, Brazil|Estamos cada vez mais inseridos no mundo digital, o que envolve desde o nosso entretenimento, até operações mais críticas, como o pagamento de contas e compras com cartão de crédito. Com isso, os softwares precisam lidar com um dos principais problemas da área: a segurança, a qual, se não tratada com seriedade, pode trazer diversos problemas, com destaque para o vazamento de informações importantes devido a invasões. Um dos mecanismos de segurança para evitar invasões com bots inteligentes é a utilização de captchas, a qual vem se modernizando para dificultar ao máximo esses tipos de crime. Porém, diversos tipos de captchas ainda são quebráveis rapidamente com o uso de processamento de imagens, técnicas de aprendizado de máquina e web scraping. Neste workshop, você verá diversos exemplos de captchas e como quebrá-los com inteligência artificial (Python+OpenCV) e web scraping (Selenium e BeautifulSoup). E então, quer quebrar um captcha você também, e mostrar como é importante investir em formas mais inteligentes de impedir invasões?
Workshops|Deploy de aplicações com Docker e Jenkins #CPNatal2 #COMUNIDADEDEVOPSRN|Aug. 17, 2019, 4:15 p.m.|Aug. 17, 2019, 5:30 p.m.|Natal, Rio Grande do Norte, Brazil|Criação de um ambiente Docker + Jenkins para deploy de duas aplicações: Integração com Slack e Github e/ou Gitlab.
Workshops|Quebrando captchas vulneráveis com processamento de imagens #CPNatal2 #COMUNIDADEDUMONTHACKERSPACE|Aug. 17, 2019, 4:15 p.m.|Aug. 17, 2019, 5 p.m.|Natal, Rio Grande do Norte, Brazil|Estamos cada vez mais inseridos no mundo digital, o que envolve desde o nosso entretenimento, até operações mais críticas, como o pagamento de contas e compras com cartão de crédito. Com isso, os softwares precisam lidar com um dos principais problemas da área: a segurança, a qual, se não tratada com seriedade, pode trazer diversos problemas, com destaque para o vazamento de informações importantes devido a invasões. Um dos mecanismos de segurança para evitar invasões com bots inteligentes é a utilização de captchas, a qual vem se modernizando para dificultar ao máximo esses tipos de crime. Porém, diversos tipos de captchas ainda são quebráveis rapidamente com o uso de processamento de imagens, técnicas de aprendizado de máquina e web scraping. Neste workshop, você verá diversos exemplos de captchas e como quebrá-los com inteligência artificial (Python+OpenCV) e web scraping (Selenium e BeautifulSoup). E então, quer quebrar um captcha você também, e mostrar como é importante investir em formas mais inteligentes de impedir invasões?
Talk|Cerimônia de Encerramento Campus Party Natal #CPNatal2|Aug. 18, 2019, 8 p.m.|Aug. 18, 2019, 9:30 p.m.|Natal, Rio Grande do Norte, Brazil|Venha curtir os últimos momentos desta inesquecível Campus Party realizada em terras potiguares, reveja os melhores momentos, conheça campuseiros extraordinários assim como você e o que eles fizeram durante a #CPNatal2, premiações de desafios e muito mais.
Workshops|Automação Residencial Básica #CPNatal2 #OpenCampus|Aug. 17, 2019, 3:30 p.m.|Aug. 17, 2019, 5 p.m.|Natal, Rio Grande do Norte, Brazil|A atividade será realizada com princípios básicos de Arduino, programação e eletrônica para realizar uma automação residencial básica através de Bluetooth e App gratuito.
Workshops|Programando com o Scratch #CPNatal2 #OpenCampus|Aug. 17, 2019, 2 p.m.|Aug. 17, 2019, 3:30 p.m.|Natal, Rio Grande do Norte, Brazil|O Scratch para programar suas próprias histórias interativas, animações e jogos. Realizando processos onde eles aprendem a pensar criativamente, raciocinar sistematicamente, e trabalhar colaborativamente habilidades essenciais para todos na sociedade de hoje. Nesta oficina o participante da oficina precisa trazer seu o seu notebookNesta oficina o participante da oficina precisa trazer seu o seu notebook.
Talk|Nota Potiguar Cidadania fiscal inovação e tecnologia #CPNatal2|Aug. 17, 2019, 1:15 p.m.|Aug. 17, 2019, 2 p.m.|Natal, Rio Grande do Norte, Brazil|O objetivo do programa de Educação Fiscal é despertar na população a consciência do que é cidadania e, assim, transmitir conhecimentos para torná-lo apto a fiscalizar a correta aplicação dos recursos públicos, harmonizando a relação Estado-Cidadão, combatendo a sonegação e sensibilizando a população quanto à função socioeconômica dos tributos. Essa palestra traz ao espectador uma visão das soluções tecnológicas utilizadas pelo Governo do Estado do Rio Grande do Norte no desenvolvimento do projeto Nota Potiguar: desafios encontrados, lições aprendidas e o futuro do aplicativo.
Talk|Desenvolvendo o empreendedorismo potiguar através da internacionalização #CPNatal2|Aug. 18, 2019, noon|Aug. 18, 2019, 1 p.m.|Natal, Rio Grande do Norte, Brazil|Nessa palestra vamos falar como o empreendedorismo potiguar está sendo estimulado a partir de intercambistas que estão desenvolvendo trabalhos nas startups potiguares, e de como, jovens do nosso Estado estão se desenvolvendo profissionalmente em startups fora do Brasil.
Talk|Medidas de segurança para servidores em nuvem #CPNatal2 #COMUNIDADEDEVOPSRN|Aug. 18, 2019, noon|Aug. 18, 2019, 1 p.m.|Natal, Rio Grande do Norte, Brazil|Cuidar da segurança de modo geral é algo bastante complexo e, mesmo com um ótimo fundamento, nos dá opções variadas de atuação. Novos cenários aparecem de acordo com as evoluções diárias. Com isso, o leque de atuação é ampliado. Para cloud computing não é diferente.
Talk|Importância de deixar mais fácil o acesso aos dados abertos e aos aplicativos resultante dele #CPNatal2 |Aug. 18, 2019, 11 a.m.|Aug. 18, 2019, 11:45 a.m.|Natal, Rio Grande do Norte, Brazil|Ter dados abertos distribuídos para toda a sociedade é essencial, pois através do mesmo, podemos garantir melhor controle social. Nesta atividade vamos falar um pouco sobre a importância de ter dados abertos de forma fácil, e discutir sobre uma plataforma de dados abertos sendo desenvolvida por dois alunos do curso técnico em informática no IFRN/Campus Ceará-Mirim.
Talk|Pedofilia: um desafio frente as novas tecnologias #CPNatal2 |Aug. 18, 2019, 11 a.m.|Aug. 18, 2019, 11:45 a.m.|Natal, Rio Grande do Norte, Brazil|A atividade consistirá numa mesa redonda, na qual profissionais de diversas áreas debaterão a temática de forma propositiva.
Talk|Programa Norte-rio-grandense de Pensamento Computacional (Pensa RN!) #CPNatal2 #OpenCampus|Aug. 18, 2019, 11:45 a.m.|Aug. 18, 2019, 12:45 p.m.|Natal, Rio Grande do Norte, Brazil|O Instituto Metrópole Digital (IMD) da UFRN está lançando o Programa Norte-rio-grandense de Pensamento Computacional (Pensa RN!) que se destina a criar uma nova cultura de inovação em educação que promova o raciocínio, a criatividade e a crítica na dinâmica das ações pedagógicas das escolas públicas do RN. Para isso, o Pensa RN visa a formação continuada de professores das escolas, a criação de clubes de programação para alunos do 6º ao 9º ano do Ensino Fundamental, e a aplicação de um modelo de análise diagnóstica para ajudar as escolas a melhor compreender as dificuldades dos seus alunos em relação às habilidades e competências elencadas na nova Base Nacional Comum Curricular (BNCC). Espera-se, assim, empoderar professores e alunos por estimular e massificar a aquisição de habilidades de resolução de problemas que se mostram de grande importância para os profissionais da atualidade.
Talk|Enfrentando desafios e encarando a liderança feminina #CPNatal2 #COMUNIDADEASBOYZINHASARRETADAS|Aug. 18, 2019, noon|Aug. 18, 2019, 1 p.m.|Natal, Rio Grande do Norte, Brazil|Como uma garota tímida em pouco tempo conseguiu crescer dentro de uma Empresa Júnior e se tornou diretora de marketing, sendo a célula liderada estritamente por homens.
Talk|Descubra o seu poder. #CPNatal2 #COMUNIDADEASBOYZINHASARRETADAS|Aug. 18, 2019, 11 a.m.|Aug. 18, 2019, noon|Natal, Rio Grande do Norte, Brazil|Palestra sobre os desafios enfrentados por mulheres na área de assistência técnica em informática e tecnologia. Será falado um pouco sobre minha startup e demais assuntos nessa área.
Talk|Aplicativos mobile nativos VS híbridos #CPNatal2|Aug. 18, 2019, 11 a.m.|Aug. 18, 2019, 11:45 a.m.|Natal, Rio Grande do Norte, Brazil|Conheça as diferentes opções de desenvolvimento mobile existentes no mercado. Descubra as vantagens desvantagens de cada uma e principais tecnologias utilizadas.
Talk|OWASP'S DOCKER SUCURITY #CPNatal2 #COMUNIDADEDEEVOPS|Aug. 18, 2019, 11 a.m.|Aug. 18, 2019, 11:45 a.m.|Natal, Rio Grande do Norte, Brazil| 
Talk|Empresas descentralizadas #CPNatal2|Aug. 17, 2019, 11 p.m.|Aug. 17, 2019, 11:45 p.m.|Natal, Rio Grande do Norte, Brazil|O Blockchain veio para revolucionar muitas coisas, entre esta revolução estão as empresas e entidades descentralizadas, onde você não tem chefe, não tem escritório, só precisa entregar as suas tarefas para que automaticamente seu salário caia na conta. Vamos conhecer um pouco do projeto Decred, uma moeda autônoma digital, e como funciona a sua organização descentralizada, das equipes de desenvolvedores, como é organizado as tasks, o trabalho remoto, o pagamento em criptomoeda e como você pode fazer parte desta revolução.
Talk|Chatbot e a revolução da comunicação #CPNatal2|Aug. 17, 2019, 11 p.m.|Aug. 17, 2019, 11:45 p.m.|Natal, Rio Grande do Norte, Brazil|"Não é muito longe a realidade em que as marcas irão se comunicar com os próprios usuários primariamente via bot e depois via atendimento pessoal.Como podemos aproveitar dessa mudança no marketing digital e como podemos oferecer um produto que não pareça um """"chato automatizado""""A ideia é mostrar como um chatbot entra na vida do dia a dia e como podemor tirar proveito disso, seja como usuários, seja como empresas. Dados e pesquisas que apresentam o novo grande trend no mundo."
Talk|Capture The Flag #CPNatal2 #BANCADADUMONTHACKERSPACE|Aug. 17, 2019, 11 p.m.|Aug. 17, 2019, 11:45 p.m.|Natal, Rio Grande do Norte, Brazil|CTF significa Capture the Flag. No âmbito da informática, são competições que envolvem diversas competências dos profissionais/estudantes/entusiastas para a resolução de desafios relacionados à infosec (segurança da informação), com o objetivo de capturar a bandeira (normalmente um código) e pontuar.
Talk|5 Dicas pra começar bem no desenvolvimento de jogos #CPNatal2|Aug. 18, 2019, 11 a.m.|Aug. 18, 2019, 11:45 a.m.|Natal, Rio Grande do Norte, Brazil|O objetivo da palestra é falar um pouco sobre as principais áreas do desenvolvimento de jogos, dar uma ideia do que é feito em cada uma, que ferramentas usar. Juntamente a isso também falar sobre a importância da comunidade e alguns atalhos que podem ajudar pra quem está começando.
Talk|Como extrair os melhores resultados de organizações voluntárias #CPNatal2 #COMUNIDADELEP|Aug. 18, 2019, 11 a.m.|Aug. 18, 2019, 11:45 a.m.|Natal, Rio Grande do Norte, Brazil|Muitas são as oportunidades de se engajar em projetos e organizações voluntárias ao longo da vida. Entretanto, nem sempre conseguimos alavancar os nossos resultados e aproveitar o máximo de cada experiência de voluntariado. Nesta palestra, mostraremos como podemos elevar o nosso aproveitamento em organizações do tipo e como carregar mais bagagens que somarão muito positivamente em nossa tragetória.
Talk|Introdução à Machine Learning #CPNatal2 #OpenCampus|Aug. 18, 2019, 10:30 a.m.|Aug. 18, 2019, 11:30 a.m.|Natal, Rio Grande do Norte, Brazil|Completa introdução aos principais algoritmos de Machine Learning, com vários códigos exemplos simples que permitirão uma aprendizagem geral dessa ciência extremamente importante atualmente. Basta um computador com conexão para para participar.
Talk|A Robótica transformando a educação e as pessoas #CPNatal2|Aug. 17, 2019, 11 p.m.|Aug. 17, 2019, 11:45 p.m.|Natal, Rio Grande do Norte, Brazil|A Robótica tem auxiliado na mudança de paradigmas na educação e na sociedade, melhorando as perspectivas dentro e fora da sala de aula. É uma poderosa ferramenta para desenvolver e aplicar habilidades interdisciplinares em Ciência, Tecnologia, Engenharia, Artes e Matemática, como também, uma importante ferramenta para empoderamento e inclusão. Iremos compartilhar diferentes olhares e experiências de transformações a partir da robótica, dentro e fora do ambiente escolar.
Talk|Plataforma para veículos inteligentes na perspectiva da Indústria 4.0 #CPNatal2 #COMUNIDADEDUMONTHACKERSPACE|Aug. 17, 2019, 10 p.m.|Aug. 17, 2019, 10:45 p.m.|Natal, Rio Grande do Norte, Brazil|"Na última década, o crescimento da economia, setores automotivo e tecnológico, tem se destacado. Paralelamente a esse crescimento, surge o termo ""Indústria 4.0"" que é usado para representar a atual Revolução Industrial. Esta revolução envolve diferentes áreas: desde a manufatura a saúde. A indústria 4.0 pode criar valor durante todo o ciclo de vida do produto, promovendo o feedback dos clientes e obtendo o ciclo de vida do produto. Assim, a comunicação automática entre veículo e fábrica foi facilitada, permitindo a realização de diferentes análises em relação aos veículos, como a identificação de padrões de conduções e/ou análises de sensores como consumo de combustível, indicadores de manutenção e assim por diante, através do uso do OBD (On-Board Diagnostics)."
Talk|[EJECT] Planejando e Gerenciando Projetos com Agile #CPNatal2|Aug. 17, 2019, 11 p.m.|Aug. 17, 2019, 11:45 p.m.|Natal, Rio Grande do Norte, Brazil|Agile, Scrum, Kanban, Manifesto Ágil. Esses são conceitos bastante conhecidos no desenvolvimento de projetos hoje em dia. Mas há alguns anos, enquanto enfrentávamos problemas com o atraso de projetos, entregas que não atendiam às expectativas de clientes e um desenvolvimento fundamentalmente baseado no modelo waterfall (cascata), não imaginávamos o quanto que as metodologias ágeis iriam nos ajudar.Em nossa conversa, iremos conhecer um pouco sobre o cenário do desenvolvimento de projetos antes e depois do Agile e, para efeitos de aprofundamento, analisaremos o Scrum e algumas de suas principais cerimônias, papeis e artefatos, oferecendo uma visão prática sobre a forma de funcionamento e implementação.
Talk|Makers e acessibilidade, Quebrando paradigmas por meio da tecnologia #CPNatal2|Aug. 17, 2019, 10 p.m.|Aug. 17, 2019, 10:45 p.m.|Natal, Rio Grande do Norte, Brazil|A palestra abordará, por meio de exemplos práticos e casos de sucesso, como o avanço tecnológico pôde facilitar o cotidiano de pessoas com os mais variados tipos de deficiência a se inserir no mundo virtual. Abordará também a importância da inclusão tecnológica dessas pessoas como criadoras  e desenvolvedoras de tecnologia, encorajando os ouvintes a quebrar paradigmas sociais por meio de suas criações no ramo das tecnologias assistivas.
Talk|Introdução à containers com Docker #CPNatal2 #COMUNIDADEDEVOPSRN|Aug. 17, 2019, 10 p.m.|Aug. 17, 2019, 10:45 p.m.|Natal, Rio Grande do Norte, Brazil|Introdução ao conceito de containers com docker e docker-compose
Talk|Inteligência Artificial em Sala de Aula Invertida #CPNatal2|Aug. 17, 2019, 10 p.m.|Aug. 17, 2019, 10:45 p.m.|Natal, Rio Grande do Norte, Brazil|Imagine um sistema educacional no qual os alunos estudam os conteúdos curriculares em suas casas só para depois irem à escola encontrar professores e colegas, tirar suas dúvidas e fazer exercícios. Em outras palavras, onde a lição de casa é feita em sala e a aula é dada em casa. Como professor do Instituto Federal de Goiás, implementei tal técnica no ensino de inteligência artificial desenvolvi um método de ensino baseado em sala de aula invertida, onde, meus alunos aprendem o conteúdo da grade curricular de IA em um canal do youtube (youtube.com/canalsandeco) e aplicamos o conhecimento aprendido em sala de aula em resoluções de problemas reais utilizando da área de inteligência artificial.A metodologia tradicional deixa o aluno num papel passivo, simplesmente ouvindo as explicações do professor. Ao inverter esse modelo e fazer com que o aluno assista às aulas fora do ambiente da escola ou universidade, há um aumento na presença e participação em sala de aula.Colhemos os resultados em desenvolvimento de projetos e IA aplicados a problemas reais e de uma substancial elevação das notas dos alunos no Enade (qua agora são as melhores notas dos alunos de computação do estado de Goiás), mas o mais impactante, foi o ânimo que foi recobrado. O que nós chamamos de brilho nos olhos.
Talk|Como impactar usando ppt #CPNatal2 #COMUNIDADELEP|Aug. 17, 2019, 10 p.m.|Aug. 17, 2019, 10:45 p.m.|Natal, Rio Grande do Norte, Brazil|Mostrar técnicas para deixar um PPT organizado e intuitivo.
Talk|O que elas fazem na Ciência? #CPNatal2 #COMUNIDADEASBOYZINHASARRETADAS|Aug. 17, 2019, 10 p.m.|Aug. 17, 2019, 11:45 p.m.|Natal, Rio Grande do Norte, Brazil|Atividade voltada para divulgação cientifica e profissional de mulheres nas áreas STEM, englobando temáticas como sistemas embarcados, tecnologia espacial, eficiência energética e cultura maker.
Talk|Crowdsourcing - Como solucionar problemas através de redes compartilhadas #CPNatal2|Aug. 17, 2019, 10 p.m.|Aug. 17, 2019, 10:45 p.m.|Natal, Rio Grande do Norte, Brazil|Rosângela Moreno, falará como a tecnologia e a tendência inovadora do crowdsourcing com suas plataformas de rede colaborativas e compartilhadas estão revolucionando o consumo, assumindo como protagonistas em um mercado, cada vez mais, baseado na experiência individual e do outro, mudando assim, o comportamento social das pessoas. A palestra vai fazer você viajar em um mundo de oportunidades de soluções de problemas facilitados através de redes compartilhadas.
Talk|Why-fi? Porque ignoramos a segurança em dispositivos sem fio #CPNatal2|Aug. 17, 2019, 10 p.m.|Aug. 17, 2019, 10:45 p.m.|Natal, Rio Grande do Norte, Brazil|Atualmente vivemos conectado 24/7 e os dispositivos sem fio tomaram o mercado tecnológico em diversos setores. Nesta talk iremos abordar a segurança sobre as redes sem fio e mostrar maneiras para se defender diante das ameaças que vivemos constantemente.
Talk|Cenário e tendências do mercado Mobile e Apps:como o Google pode ajudá-lo a ter sucesso? #CPNatal2|Aug. 17, 2019, 8:30 p.m.|Aug. 17, 2019, 9:30 p.m.|Natal, Rio Grande do Norte, Brazil|Entenda melhor o cenário e as tendências atuais do mercado Mobile e Apps, e como o time de monetização do Google pode ajudar os desenvolvedores brasileiros a ter ainda mais sucesso.
Talk|HUMANufacturing Tech: não há nada mais humano do que a tecnologia #CPNatal2 #OpenCampus|Aug. 17, 2019, 7 p.m.|Aug. 17, 2019, 8 p.m.|Natal, Rio Grande do Norte, Brazil|Combinando soluções tecnológicas para indústria 4.0 com transferência de dados em tempo real, realidade virtual, dispositivos portáteis inovadores e autônomos, a Comau tem ajudado empresas de vários segmentos a desfrutarem o potencial da automação sob medida para otimizar seus processos, garantir melhor qualidade e aumentar a flexibilidade de seu potencial produtivo.
Talk|Inovar é ação #CPNatal2|Aug. 17, 2019, 7:15 p.m.|Aug. 17, 2019, 8 p.m.|Natal, Rio Grande do Norte, Brazil|Uma palestra onde Fred Alecrim fala sobre inovação e tendências de negócio. Saiba a importância da inovação para seu negócio e carreira e por onde começar o seu processo de inovação.
Talk|Como é a carreira em engenharia (desenvolvimento) de software? #CPNatal2|Aug. 17, 2019, 7:15 p.m.|Aug. 17, 2019, 8 p.m.|Natal, Rio Grande do Norte, Brazil|"Temos um grande problema em nosso método de ensino Brasileiro onde os jovens sai da escola sem ter uma visão de qual área quer seguir, consequentemente qual faculdade fazer (isso quando faz). Dentro da área de desenvolvimento de software não é diferente, ou seja, como dentro da área de desenvolvimento de software temos N sub-áreas e isso acaba gerando muita duvida em que esta chegando agora. Vou falar um pouco sobre minha carreira e mostra que não é necessário ir para área gerencial para ""ganhar bem""."
Talk|Design Sprint: do Google para sua realidade #CPNatal2 #COMUNIDADEASBOYZINHASARRETADAS|Aug. 17, 2019, 7:05 p.m.|Aug. 17, 2019, 8 p.m.|Natal, Rio Grande do Norte, Brazil|"O Design Sprint é um processo idealizado na Google Ventures que consiste em 5 dias para criar, desenhar, prototipar e testar uma ideia. Na conversa breve será discutido: ""o que é Design Sprint?"", ""como ele é aplicado na indústria hoje?"" e ""como eu posso aplicar DS nos meus projetos?""."
Talk|Ícones: Semiótica, UX e Acessibilidade #CPNatal2|Aug. 17, 2019, 7:15 p.m.|Aug. 17, 2019, 8 p.m.|Natal, Rio Grande do Norte, Brazil|A palestra irá abordar o uso dos ícones em interfaces digitais (e em outros formatos de aplicação) e seus impactos na experiência do usuário, principalmente na acessibilidade. Para isso, farei uma breve apresentação sobre a semiótica e como ela está presente em nossas vidas, passando para o campo da UX, em que irei falar sobre o uso dos ícones e como eles atuam no âmbito da acessibilidade.
Talk|CTF como ferramenta de aprendizado em segurança da informação #CPNatal2 #COMUNIDADEDUMONTHACKERSPACE|Aug. 17, 2019, 7:15 p.m.|Aug. 17, 2019, 8 p.m.|Natal, Rio Grande do Norte, Brazil|Como CTFs (Capture The Flags) podem ser úteis no desenvolvimento de habilidades em segurança da informação e no aprendizado em diversas áreas da computação.
Talk|Web hacking para CTF e Bug Hunters #CPNatal2 #COMUNIDADEDUMONTHACKERSPACE|Aug. 17, 2019, 6:15 p.m.|Aug. 17, 2019, 7 p.m.|Natal, Rio Grande do Norte, Brazil|Temas relacionado a BugBounty e CTF vem se popularizando entre profissionais e estudantes de segurança da informação. Devido a constante e rapida evolução das tecnologias web e variedades de técnicas de exploração, muitas empresas oferecem recompensas para quem encontra e reporta vulnerabilidades em seus serviços. Nesta apresentação falarei sobre vulnerabilidades e técnicas de Web Hacking usadas por Bug Hunters e por players de CTF, citando exemplos com base no que tenho encontrado nesse meio.
Talk|O Empreendedor da Era 4.0 #CPNatal2|Aug. 17, 2019, 6:15 p.m.|Aug. 17, 2019, 7 p.m.|Natal, Rio Grande do Norte, Brazil|Em um novo modelo de sociedade, onde a diversidade, intergeração, multiculturalidade e ambiente extremamente virtual são cada vez mais intensos, surge a necessidade de discutirmos as novas características necessárias aos empreendedores para enfrentarem um mercado cada vez mais desafiador. Precisamos discutir sobre como gerir negócios nesse novo cenário social e como a mente do empreendedor precisa lidar com todas essas questões.
Talk|Oficina de Chão - Robótica Disruptiva #CPNatal2 #OpenCampus|Aug. 17, 2019, 6 p.m.|Aug. 17, 2019, 6:45 p.m.|Natal, Rio Grande do Norte, Brazil|Como falar de robótica de forma clara e objetiva para todos, como transformar pequenas realidades com Robótica utilizando materiais reciclados e eletrônica Open Hardware de baixo custo. Nessa palestra a ideia é compartilhar com voces como podemos fazer a diferença e multiplicar.
Talk|"""O problema é na placa mãe..."" : as dificuldades de ser mulher e mãe na TI #CPNatal2 #COMUNIDADEASBOYZINHASARRETADAS"|Aug. 17, 2019, 6 p.m.|Aug. 17, 2019, 7 p.m.|Natal, Rio Grande do Norte, Brazil|A atividade é proposta com o intuito de trazer uma discussão sobre as dificuldades, desafios, preconceitos, experiências negativas, bem como as positivas quando se é mulher e mãe na área de Tecnologia da Informação, tanto na academia quanto no trabalho. Também é intenção da atividade mostrar como as tecnologias (e estar numa área tecnológica) facilitou alguns processos ( como o ensino individualizado na época de licença maternidade, por exemplo). Por fim, a conversa objetiva mostrar o quanto as outras mulheres do curso (professoras e alunas) tornam essa tragetória mais feliz e a importância da sororidade.
Talk|Mini Paredão Eletrônico e ciclo paredões #CPNatal2|Aug. 17, 2019, 6:15 p.m.|Aug. 17, 2019, 7 p.m.|Natal, Rio Grande do Norte, Brazil|Apresentação de breve palestra abordando as pesquisas do grupo vinculadas o ciclo Paredões realizado de 2017 a 2018 e, mais especialmente, o espetáculo e obra Mini Paredão Eletrônico (Autores: Laboratório 10 Dimensões em parceria com Media Lab/UFG), com a mini demonstração/espetáculo presencial Mini Paredão Eletrônico- Campus Party 2019 . Apresenta possibilidade de criação artística tecnológica e de inovação no campo das mídias interativas e no circuito de economia criativa na área da cultura. O Projeto Mini Paredão eletrônico é um desdobramento do conjunto de pesquisas do ciclo Paredões. Trata-se de uma miniatura da estrutura Paredão misturando características das estruturas paredão nordes tino e de Goiás, em uma hibridização ficcional em uma estrutura multimídia. Apresenta-se como um conjunto transportável, ativado através de comandos celulares e de agenciamento interativo recebendo mensagens do publico e interações sonoro/luminosas, manifesta-se como uma instalação autoportante que apresenta um mini espetáculo sonoro luminoso interativo, constituindo-se como evento poético, objeto sonoro, interface e dispositivo intensificador de experiência.
Talk|Titulo Cidadão Natalense #CPNatal2|Aug. 17, 2019, 6:15 p.m.|Aug. 17, 2019, 7 p.m.|Natal, Rio Grande do Norte, Brazil|Entrega formal do Título de Cidadão Natalense ao Sr. Francesco Farruggia e Sr. Dino Lincoln. Os três subirão ao palco e o Sr. Sueldo, vereador, entregará simbolicamente o título ao Sr. Francesco e Sr. Dino.
Talk|Criando uma aplicação IoT com Arduino e Firebase usando apenas Javascript #CPNatal2|Aug. 17, 2019, 6:15 p.m.|Aug. 17, 2019, 7 p.m.|Natal, Rio Grande do Norte, Brazil|Uma breve jornada sobre como programar um Arduíno com Javascript para faze-lo se comunicar com o Firebase emulando uma aplicação de domótica
Workshops|Ferramentas para a Educação 4.0 #CPNatal2 #OpenCampus|Aug. 18, 2019, 3:30 p.m.|Aug. 18, 2019, 5 p.m.|Natal, Rio Grande do Norte, Brazil|Com uso de ferramentas como Scratch, Code.org e Tinkercad podemos mudar a Educação e levar para a Educação 4.0
Workshops|Robô com rodas usando Arduíno #CPNatal2 #COMUNIDADEDUMONTHACKERSPACE|Aug. 18, 2019, 3:15 p.m.|Aug. 18, 2019, 4 p.m.|Natal, Rio Grande do Norte, Brazil|Viabilizar o primeiro contato com a robótica através do Arduino, apresentando noções de programação e eletrônica e promovendo desafios para melhor absorção do conteúdo apresentado, com foco no comportamento autônomo de um robô
Workshops|Automação Residencial Básica #CPNatal2 #OpenCampus|Aug. 18, 2019, 3:30 p.m.|Aug. 18, 2019, 5 p.m.|Natal, Rio Grande do Norte, Brazil|A atividade será realizada com princípios básicos de Arduino, programação e eletrônica para realizar uma automação residencial básica através de Bluetooth e App gratuito.
Workshops|TDD com Python #COMUNIDADEASBOYZINHASARRETADAS|Aug. 18, 2019, 2:05 p.m.|Aug. 18, 2019, 3 p.m.|Natal, Rio Grande do Norte, Brazil|Uma breve introdução sobre Test Driven Development utilizando python
Workshops|Avaliação Concurso Leve seu Robô #CPNatal2 #OpenCampus|Aug. 18, 2019, 2 p.m.|Aug. 18, 2019, 3:30 p.m.|Natal, Rio Grande do Norte, Brazil|Será realizada as apresentações e avaliação dos artefatos tecnorobóticos inscritos que estão concorrendo no Concurso Cultural Leve seu Robô para a #CPNatal2. Evento na área Open, aberto para o público acompanhar os artefatos apresentados pelos Campuseiros inscritos.
Workshops|Robótica Sustentável: Carrinho Sustentável Elétrico #CPNatal2 #OpenCampus|Aug. 18, 2019, 2 p.m.|Aug. 18, 2019, 3:30 p.m.|Natal, Rio Grande do Norte, Brazil|Como utilizando lixo eletrônico podemos fazer robótica? Assim, levamos atráves da mecânica e eletrônica a possibilidade de trabalhar a educação maker e steam
Talk|Flask from Rest to Test #CPNatal2 #COMUNIDADEDEVOPSRN|Aug. 17, 2019, 5:45 p.m.|Aug. 17, 2019, 6:30 p.m.|Natal, Rio Grande do Norte, Brazil|A palestra vai exigir que as participantes tenham conhecimento em python. A proposta é construir uma API Rest usando o framework Flask, e aplicando o TDD. A aplicação usará uma biblioteca python para autenticação de usuário, e para fazer o deploy, usamos o recurso de CI/CD do gitlab. Nosso objetivo é apresentar ferramentas úteis para quem deseja desenvolver uma API Rest com qualidade e boas práticas.
Workshops|Workshop de Desenvolvimento Web com JavaScript para Iniciantes CPNatal2 #COMUNIDADEDEVOPSRN|Aug. 18, 2019, 2:15 p.m.|Aug. 18, 2019, 3:30 p.m.|Natal, Rio Grande do Norte, Brazil|Mostrar como javascript está inserido no mercado atual e dar uma introdução as tecnologias que usam javascript apresentando suas funcionalidades. Haverá a disponibilização do material da apresentação e de material extra no github.
Workshops|Como aprender baseado em projetos? #CPNatal2 #OpenCampus|Aug. 18, 2019, 12:30 p.m.|Aug. 18, 2019, 1:30 p.m.|Natal, Rio Grande do Norte, Brazil|Aprender é bom? É bom, mas é melhor ainda quando temos prazer em fazer. Assim, com projetos voltados a educação conseguimos levar o aprender brincando para todas as pessoas.
Workshops|PyautoGUI: brincando com a GUI#CPNatal2 #COMUNIDADEDUMONTHACKERSPACE|Aug. 18, 2019, noon|Aug. 18, 2019, 1 p.m.|Natal, Rio Grande do Norte, Brazil|Workshop com o intuito de apresentar uma biblioteca Python chamada PyautoGUI que tem como objetivo interagir com a interface gráfica do sistema operacional com o python.
Workshops|Precisando de dados? Colete-os com Web Scraping #CPNatal2 #COMUNIDADEDUMONTHACKERSPACE|Aug. 18, 2019, 11 a.m.|Aug. 18, 2019, 11:45 a.m.|Natal, Rio Grande do Norte, Brazil|Na era dos informação, grandes volumes de dados são gerados diariamente, os quais podem ou não estar disponíveis para a realização de análises exploratórias. Como meio facilitador, a técnica de Web Scraping permite realizar a extração de dados disponíveis em páginas web de forma automática. Assim, a partir dos fundamentos básicos e exemplos práticos, você perceberá o quão é fácil utilizar essa técnica fundamental na era dos dados. Para os participantes que desejam utilizar seus próprios notebooks, recomendo que instalem o Python (https://www.python.org/downloads/).
Workshops|Usando Ansible para fazer deploy da sua primeira aplicação no Heroku #CPNatal2 #COMUNIDADEDEVOPSRN|Aug. 17, 2019, 11 p.m.|Aug. 18, 2019, 12:15 a.m.|Natal, Rio Grande do Norte, Brazil|Mostrarei do 0 como criar uma API python simples e como fazer deploy no Heroku utilizando Ansible. Iremos ainda configurar um Loadbalancer (nginx) junto com o uUWSGI.
Workshops|Git básico e alguns serviços #CPNatal2 #COMUNIDADEDEVOPSRN|Aug. 17, 2019, 7:20 p.m.|Aug. 17, 2019, 8:30 p.m.|Natal, Rio Grande do Norte, Brazil|Fundamentação básica sobre versionamento, situações de aplicação, passo-a-passo com comandos básicos para utilização em projetos individuais e apresentação de alguns serviços de Git.
Workshops|Modelando com Thinkercad #CPNatal2 #OpenCampus|Aug. 18, 2019, 10:30 a.m.|Aug. 18, 2019, 12:30 p.m.|Natal, Rio Grande do Norte, Brazil|O Tinkercad é um aplicativo gratuito e fácil de usar para projetos 3D, componentes eletrônicos e codificação. É usado por professores, crianças, amadores e projetistas para imaginar, projetar e fabricar qualquer coisa! Nesta oficina o participante da oficina precisa trazer seu o seu notebook.
Workshops|Minicompetição de Planadores no ambiente escolar #CPNatal2 #OpenCampus|Aug. 18, 2019, 10:30 a.m.|Aug. 18, 2019, 12:30 p.m.|Natal, Rio Grande do Norte, Brazil|A Minicompetição de Planadores é uma estratégia que busca proporcionar a motivação dos alunos de Ensino Fundamental e Médio pelo o estudo de Ciências e Matemática. Para o Ensino Fundamental o público alvo são alunos de 8º ano devido a competição estadual que tem calendário padrão de competição internacional .
Workshops|Luminária Vingadores #CPNatal2 #OpenCampus|Aug. 18, 2019, 12:30 p.m.|Aug. 18, 2019, 1:30 p.m.|Natal, Rio Grande do Norte, Brazil|A atividade será uma oportunidade de montar uma luminária com princípios básicos de eletrônica, com Leds, baterias e um corpo montado com MDF e acrílico.
Workshops|Minicurso de Gestão de Tempo e Produtividade #CPNatal2 #COMUNIDADELEP|Aug. 17, 2019, 7:15 p.m.|Aug. 17, 2019, 8 p.m.|Natal, Rio Grande do Norte, Brazil|Aprenda ferramentas e técnicas de como otimizar o seu tempo e aumentar sua produtividade.
Workshops|Cloud Study Jams #CPNatal2 #COMUNIDADEDEVOPSRN|Aug. 17, 2019, 6:35 p.m.|Aug. 17, 2019, 7:15 p.m.|Natal, Rio Grande do Norte, Brazil|O Study Jams é um evento oferecido pela comunidade do Google Developers Group, com o intuito de capacitar comunidade com as tecnologias Google para desenvolvedores.
Workshops|Design Thinking na prática #CPNatal2 #COMUNIDADELEP|Aug. 17, 2019, 6:15 p.m.|Aug. 17, 2019, 7 p.m.|Natal, Rio Grande do Norte, Brazil|Como pensar antes de pensar: desenhando o pensamento.
Workshops|Arduino Básico - Sensor de Proximidade com Leds #CPNatal2 #OpenCampus|Aug. 17, 2019, 5:30 p.m.|Aug. 17, 2019, 7 p.m.|Natal, Rio Grande do Norte, Brazil|A atividade será realizada com a utilização de princípios básicos de Arduino, programação e eletrônica para realizar uma base de sensores com visualização via Leds, um sensor de proximidade.
Talk|Gestão do que mais importa: Tempo e Dinheiro! #CPNatal2 #COMUNIDADELEP|Aug. 17, 2019, 5:15 p.m.|Aug. 17, 2019, 6 p.m.|Natal, Rio Grande do Norte, Brazil|Apresentação sobre gestão de finanças e tempo para empreendedores.
Talk| IOT e a acessibilidade #CPNatal2|Aug. 17, 2019, 5:15 p.m.|Aug. 17, 2019, 6 p.m.|Natal, Rio Grande do Norte, Brazil|A tecnologia está influenciando e modificando a vida das populações através de mudanças gradativas e por vezes definitivas proporcionando uma melhor qualidade de vida. Serão apresentadas diversas perspectivas de IOT como ferramentas para promoção, inclusão social, acessibilidade e inúmeros benefícios na busca de uma melhor qualidade de vida. Que impacto geramos na vida das pessoas? Quando a tecnologia tem o compromisso de proporcionar inclusão e acessibilidade, transformando e modificando nossas vidas?
Workshops|Arte na Educação do Futuro #CPNatal2 #OpenCampus|Aug. 17, 2019, 5:30 p.m.|Aug. 17, 2019, 7 p.m.|Natal, Rio Grande do Norte, Brazil|Ao utilizamos práticas de pintura, desenho, papietagem e sobreposição de fibras, queremos demonstrar como utilizar a arte na metodologia STEAM para a educação.
Talk|Compartilhamento e Networking para Crescer na sua carreira #CPNatal2|Aug. 17, 2019, 5:15 p.m.|Aug. 17, 2019, 6 p.m.|Natal, Rio Grande do Norte, Brazil|"Nessa palestra, vamos discutir e treinar algumas dicas práticas para compartilhamento de conteúdo e networking. Vamos aprender formas para iniciar e dar continuidade em relacionamentos significativos e como gerar valor a partir do seu networking. Venha descobrir que, ao contrário do ""QI"" original, Quem Indica é uma vantagem que se constrói, e só depende de você!"
Talk|O poder da criatividade na criação de negócios de impacto social e no atendimento ao cliente #CPNatal2|Aug. 17, 2019, 5:15 p.m.|Aug. 17, 2019, 6 p.m.|Natal, Rio Grande do Norte, Brazil|Como criar negócios que fazem a diferença no mundo? Como encantar clientes e fidelizá-los através do casamento entre tecnologia (uso de RPA, IA e Big Data) e criatividade? Conheça cases reais e aprenda como impactar muitas pessoas com poucos recursos.
Talk|Criando negócios tecnológicos #CPNatal2|Aug. 17, 2019, 5:15 p.m.|Aug. 17, 2019, 6 p.m.|Natal, Rio Grande do Norte, Brazil|Oficina prática de construção de empreendimentos com impacto social e que trabalhem a tecnologia de forma inovadora.
Talk|Redes sociais, inteligência artificial e a produção do discurso #CPNatal2 #COMUNIDADEASBOYZINHASARRETADAS|Aug. 17, 2019, 5:05 p.m.|Aug. 17, 2019, 5:55 p.m.|Natal, Rio Grande do Norte, Brazil|Palestra sobre os impactos gerados pelos algoritmos de inteligência artificial em redes sociais na produção do discurso dentro da esfera pública contemporânea.
Talk|Estratégias para Instagram #CPNatal2|Aug. 17, 2019, 4:15 p.m.|Aug. 17, 2019, 5 p.m.|Natal, Rio Grande do Norte, Brazil|Com tantas mudanças no Instagram nos últimos meses é preciso se reinventar, criar novas ações e saber medir o que de fato gera resultado para o seu negócio. Aprenda técnicas de produção de conteúdo, estratégias de venda e de como medir o que realmente funciona ou não no instagram de acordo com o seu negócio.
Talk|LGPD: como se adequar até 2020? #CPNatal2 #OpenCampus|Aug. 17, 2019, 5 p.m.|Aug. 17, 2019, 5:45 p.m.|Natal, Rio Grande do Norte, Brazil|A atividade tem como objetivo apresentar os principais pontos da Nova Lei Geral de Proteção de Dados, que entrará em vigor em 2020 e que possui em impacto em, literalmente, todos os negócios. Serão abordados os aspectos práticos da Lei, quais serão as áreas mais afetadas e serão esclarecidas as dúvidas mais comuns sobre como se adaptar à esta nova realidade.
Talk|PyLadies Brasil: ajudando a tornar a comunidade Python mais diversa e mais inclusiva #CPNatal2|Aug. 17, 2019, 4:15 p.m.|Aug. 17, 2019, 5 p.m.|Natal, Rio Grande do Norte, Brazil|Iniciativas preocupadas com a disparidade de gênero vêm ganhando força internacional nos últimos anos, e a comunidade brasileira de código aberto tem se destacado na quantidade e efetividade das ações voltadas a esses projetos, mudando o cenário de nossas conferências e eventos regionais e nacionais. Na comunidade Python, um dos grupos de mais se destaca nesse sentido é o PyLadies. Somos um grupo internacional, com foco em ajudar mais mulheres a tornarem-se participantes ativas e líderes de comunidades Python, cuja missão é promover, educar e impulsionar a existência de uma comunidade Python diversificada através de sensibilização, educação, conferências, eventos e encontros sociais. Vamos falar um pouco sobre os nossos eventos (minicursos, palestras, workshops), encontros, sprints, além de toda a construção e troca que acontece dentro da nossa comunidade e com as diversas comunidades que nos apoiam nas diversas regiões do país, suas particularidades, dificuldades e resultados.
Talk|Cultura Maker e espaço #CPNatal2|Aug. 17, 2019, 4:15 p.m.|Aug. 17, 2019, 5 p.m.|Natal, Rio Grande do Norte, Brazil|A palestra apresenta os desafios da cultura maker aplicada no desenvolvimento da primeira estação de pesquisa espacial na América Latina: o Habitat Marte, em operação no sertão do RN, onde jovens pesquisadores desenvolvem tecnologias e simulam o funcionamento de um habitat espacial. Na palestra CULTURA MAKER E ESPAÇO, empreendedores e jovens pesquisadores são desafiados à imaginação, criatividade, inovação e empreendedorismo relacionados à sustentabilidade no espaço e no semiárido. Lua, Marte e regiões áridas e semiáridas demandam soluções criativas de criativos e empreendedores. Na exposição são apresentados projetos altamente inovadores em desenvolvimento no Habitat Marte.
Talk|O protagonismo das mulheres jovens #CPNatal2 #COMUNIDADEASBOYZINHASARRETADAS|Aug. 17, 2019, 4:05 p.m.|Aug. 17, 2019, 5 p.m.|Natal, Rio Grande do Norte, Brazil|Contextualizar a luta das mulheres no processo de ocupação dos espaços públicos e privados, bem como desenvolver alternativas para superar as dificuldades ainda existentes quanto ao protagonismo das mulheres jovens.
Talk|Validando Ideias - As duas faces do empreendedorismo #CPNatal2|Aug. 17, 2019, 4:15 p.m.|Aug. 17, 2019, 5 p.m.|Natal, Rio Grande do Norte, Brazil|No mercado existem dois tipos de empreendedores: o artista e o inovador. Ambos estão convencidos que possuem uma grande ideia de negócio, mas qual deles realmente conseguirá gerar riqueza com ela? Nesta palestra, Tiago Fernandes, CEO da AutoForce, apresenta, a partir da história dos empreendedores Larry e Steve, a metodologia de validação de ideias para quem deseja construir grandes negócios.
Talk|A privacidade morreu?? #CPNatal2 #OpenCampus|Aug. 17, 2019, 4 p.m.|Aug. 17, 2019, 4:45 p.m.|Natal, Rio Grande do Norte, Brazil|A importância da privacidade atualmente e como isso nos afeta. A privacidade mudou muito nos últimos anos e afeta diretamente nosso cotidiano e nosso futuro sem perceber. Mas será que ela ainda existe?
Talk|Adafruit Circuit Playground Express: Uma alternativa ao Arduino e que suporta Python #CPNatal2 #COMUNIDADEDUMONTHACKERSPACE|Aug. 17, 2019, 11 a.m.|Aug. 17, 2019, 11:45 a.m.|Natal, Rio Grande do Norte, Brazil|Na presente palestra apresentarei a maravilhosa Ada Fruit Circuit Express, que é uma alternativa ao arduino e que suporta python e javascript de forma nativa. Além de já trazer os principais recursos e sensores que em um arduino por exemplo teriamos que plugar de forma externa. A Circuit Express proporciona um fácil aprendizado e uma simples implementação em projetos para robistas e entusiastas.
Talk|Transparência Pública e o Controle Social #CPNatal2|Aug. 17, 2019, 11 a.m.|Aug. 17, 2019, 11:45 a.m.|Natal, Rio Grande do Norte, Brazil|A palestra versará sobre o tema: “Transparência Pública e o Controle Social”, apresentando as formas como se apresentam no Estado brasileiro, os espaços de participação, os instrumentos de transparência pública, os atores do controle social e os instrumentos criados pela sociedade civil para o exercício da sua cidadania.Também serão mostrados a transparência pública do Estado do RN, as formas e instrumentos de acesso.
Talk|Hackeando o Marketing das grandes empresas #CPNatal2|Aug. 17, 2019, 3:15 p.m.|Aug. 17, 2019, 4 p.m.|Natal, Rio Grande do Norte, Brazil|Nesta palestra, o objetivo de fato é mostrar como grandes empresas utilizam os diversos tipos de Marketing para influenciar a compra e o posicionamento de sua marca, como a utilização do marketing de relacionamento, marketing de conteúdo, marketing de guerrilha, marketing digital e entre outros! Por mais que essas empresas tenham maior poder de investimento, suas práticas podem ser replicadas a qualquer tipo de negócio, já que o marketing necessita muito da CRIATIVIDADE! Então a ideia é conseguir ter diversas ideias e TESTAR!
Talk|Transformação digital, o que não é! #CPNatal2|Aug. 17, 2019, 11 a.m.|Aug. 17, 2019, 11:45 a.m.|Natal, Rio Grande do Norte, Brazil|Transformação digital é um processo complexo que muitas empresas querem implantar, mas a maioria não sabe como fazer, por onde começar ou pensam que estão fazendo certo. Vamos conversar sobre a prática da jornada de transformação digital nas empresas e o que ela não é.
Talk|Iot na saúde #CPNatal2|Aug. 17, 2019, 3:15 p.m.|Aug. 17, 2019, 4 p.m.|Natal, Rio Grande do Norte, Brazil|A área da saúde, em especial, é uma das áreas que mais investe em tecnologia, seja em equipamentos, dispositivos ou sistemas modernos que proporcionam à população inúmeros benefícios na busca de uma melhor qualidade de vida. O uso de dispositivos móveis para o monitoramento contínuo de pacientes com uma determinada patologia pode beneficiar significativamente em sua prevenção, diagnóstico e tratamento. O objetivo da Palestra sobre IoT na Saúde é apresentar as principais tendências dos dispositivos móveis nesta área vinculado a grande conexão generalizada que estamos vivenciando nos últimos anos. Por fim, como essas tecnologias poderão beneficiar e impacto o estilo e qualidade de vida dos indivíduos.
Talk|Gerenciamento de backup com Bareos #CPNatal2 #COMUNIDADEDEVOPSRN|Aug. 17, 2019, 11 a.m.|Aug. 17, 2019, 11:45 a.m.|Natal, Rio Grande do Norte, Brazil|O Bareos é um sistema open source que permite gerenciar backups, recuperação e verificação de dados através de diferentes tipo de redes. A talk tem como objetivo apresentar a solução e mostrar na prática como funiona o seu gerenciamento (desde a configuração de clientes e jobs) além de abordar alguns conceitos de backups, como os seus níveis e boas pŕaticas.
Talk|Wireless do sertão - técnicas de baixo custo e impressão 3D para fabricação de dispositivos de radiofrequência #CPNatal2 #OpenCampus|Aug. 17, 2019, 11:45 a.m.|Aug. 17, 2019, 12:45 p.m.|Natal, Rio Grande do Norte, Brazil|Nesta atividade são apresentadas técnicas de baixo custo para a fabricação de dispositivos de radiofrequência, através do desenvolvimento de placas de circuito impresso por método fotográfico e de circuitos planares utilizando impressão 3D. Exemplos práticos de validação dos métodos são apresentados com o projeto de um oscilador controlado por tensão (VCO), filtros e antenas, para a faixa ISM 2.4 GHz.
Talk|Gestão de Projetos #CPNatal2 #COMUNIDADELEP|Aug. 17, 2019, 3:15 p.m.|Aug. 17, 2019, 4 p.m.|Natal, Rio Grande do Norte, Brazil|É o conjunto de conhecimentos, habilidades, técnicas e ferramentas utilizadas para planejar, executar e monitorar um projeto.
Talk|Aprendendo a negociar com Harvey Specter #CPNatal2 #COMUNIDADEDUMONTHACKERSPACE|Aug. 17, 2019, 3:15 p.m.|Aug. 17, 2019, 4 p.m.|Natal, Rio Grande do Norte, Brazil|Harvey Specter é o personagem principal da série 'Suits'. E a maior habilidade dele é ser um ótimo negociador - habilidade essa refletida nos demais personagens da série em momentos propícios à negociação. A proposta da atividade é alinhar em passos o conteúdo de uma boa negociação com momentos específicos em que o elenco do seriado aparece. Negociação é uma habilidade que deve ser estimulada sempre em qualquer empreendedor com a um aproveitamento máximo por todas as pessoas envolvidas em algum tipo de transação. Aliar isso em etapas com um seriado de grande repercussão não só atrai dois públicos como também facilita o aprendizado do público. Observação: se esse momento incitar possíveis problemas de Direitos Autorais, o conteúdo pode ser facilmente adaptado sem a necessidade de alinhá-lo com o seriado.
Talk|Fruggy: Desenvolvendo soluções criativas e tecnológicas para os ODS #CPNatal2 |Aug. 17, 2019, 3:15 p.m.|Aug. 17, 2019, 4 p.m.|Natal, Rio Grande do Norte, Brazil|Palestra sobre a importância do desenvolvimento de Negócios de Impacto Social Tecnológicos, e apresentação da Fruggy, uma metodologia de criação de proposta de valor para esse negócios. A metodologia foi utiliza da abordagem de design thinking, com inserção de prospecção tecnológica de bancos de patentes e os conceitos de inovação frugal para se gerar soluções criativas, tecnológicas e inovadoras para os modelos de negócios de impacto social.
Talk|Angular Extreme performance #CPNatal2 #COMUNIDADEDEVOPSRN|Aug. 17, 2019, 3:15 p.m.|Aug. 17, 2019, 4 p.m.|Natal, Rio Grande do Norte, Brazil|Sabemos que os frameworks Javascript modernos estão usando o que há de melhor e mais moderno no mercado e disponibilizando no seu ecossistema para os dois maiores pilares da performance de uma aplicação front-end: network e runtime, mas quais são as ferramentas que eu posso usar no build do meu projeto? O que essa sopa de letrinhas: JIT, AOT, Tree-shaking, Uglify, GCC, Lazy loading, Ivy … são capazes de fazer para melhorar a performance de network do meu projeto? Também veremos sobre Server Rendering, trackBy, Angular OnPush Component, React Pure Component, Imutabilidade, AOT… Eles podem fazer milagres na performance de runtime do seu projeto, e várias dessas técnicas e ferramentas existem e são aplicáveis seja no Angular, React, Vue ou o velho Javascript vanilla.
Talk|RUMO AO VALE! - Uma experiência que é real #CPNatal2|Aug. 17, 2019, 3:15 p.m.|Aug. 17, 2019, 4 p.m.|Natal, Rio Grande do Norte, Brazil|Experiências são a moeda do presente. Rumo ao Vale compartilhará uma história de curiosidade, dedicação e aprendizado vivida durante 30 dias no Vale do Silício, abordando o processo, desafios, lições aprendidas e todos os pontos da virada de uma jornada que começa ainda na primeira infância. Pensar grande, começar pequeno, aprender rápido e gerar valor nunca foi tão real e palpável mas, fica a pergunta, o que podemos fazer aqui para transformar nossa realidade?
Talk|Destravando a sua criatividade #CPNatal2|Aug. 17, 2019, 11 a.m.|Aug. 17, 2019, 11:45 a.m.|Natal, Rio Grande do Norte, Brazil|A criatividade é a principal característica que nos diferencia das máquinas, mas o que vai acontecer conosco se a tecnologia continuar evoluindo e nossa criatividade atrofiando? Vamos conversar sobre como podemos pensar criativamente no dia à dia e exercitar nosso cérebro para pensar em soluções fora do padrão.
Talk|Dieta Digital - O que é e por que é uma tendência mundial? #CPNatal2 #COMUNIDADELEP|Aug. 17, 2019, 11 a.m.|Aug. 17, 2019, 11:45 a.m.|Natal, Rio Grande do Norte, Brazil|A internet transformou completamente a nossa comunicação, quebrou barreiras de forma globalizada e vem exigindo novas habilidades para os futuros profissionais, entre elas a capacidade de usar esta ferramenta com equilibrio. A hiperconectividade vem gerando problemas de saúde muito sérios, como isolamento social, ansiedade, hipertensão e depressão. Neste bate-papo com a jornalista e professora de comunicação Erika Zuza, fundadora do projeto educativo Papo de Mídias, vamos refletir sobre a chamada Dieta Digital: o que é e por que este detox está sendo considerado macro tendência mundial? Vem com a gente e participe!
Talk|Trabalho remoto para Devs 101 #CPNatal2|Aug. 17, 2019, 11 a.m.|Aug. 17, 2019, 11:45 a.m.|Natal, Rio Grande do Norte, Brazil|Estudantes e profissionais de TI têm visto cada vez mais o crescimento de oportunidades de trabalho remoto, tanto para empresas nacionais quanto internacionais. Muitas vezes, porém, estão tão concentrados em aprender as inúmeras habilidades técnicas que são requisitadas, que não encontram tempo para entender quais outras habilidades o trabalho remoto demandaria deles, quais os benefícios, dificuldades e como é a rotina de um Profissional de TI remoto. Nessa talk, irei explicar alguns conceitos básicos para quem quer ser um empreendedor individual com tecnologia sem restrições de localização, explorar as opções de modalidade de empresas neste contexto e compartilhar a minha experiência trabalhando remoto para uma empresa remote-only.
Talk|Utilização de sucata no ensino da Robótica Educacional #CPNatal2 #OpenCampus|Aug. 17, 2019, 10:30 a.m.|Aug. 17, 2019, 11:30 a.m.|Natal, Rio Grande do Norte, Brazil|Tem como objetivo mostrar os motivos e vantagens da utilização de sucata em projetos e ensino de Robótica. Dessa forma, tornar a Robótica mais acessível e difundir a cultura Maker.
Talk|O Guia de sobrevivência na CPNatal2 #CPNatal2|Aug. 16, 2019, 11 p.m.|Aug. 16, 2019, 11:45 p.m.|Natal, Rio Grande do Norte, Brazil|Todos sabemos que a Campus é um evento gigantesco rico em Tecnologia, Empreendedorismo, Comunidades, Criatividade e Inovação. Nós campuseiros muitas vezes não sabemos nem por onde começar para aproveitar toda a experiência do evento, alguns assistem metade de uma palestra para ir a outra que quer muito ver também. E se nós, veteranos, compartilharssemos um pouco das nossas dicas de o quê fazer e como fazer, como se proteger?! Todos correm riscos dentro do evento, não sabiam? Os seus dados podem estar sendo explorados enquanto você está lendo essa descrição!
Talk|Bug Bounty - Um pouco sobre #CPNatal2 #COMUNIDADEDUMONTHACKERSPACE|Aug. 16, 2019, 11 p.m.|Aug. 16, 2019, 11:45 p.m.|Natal, Rio Grande do Norte, Brazil|Nessa palestra falarei um pouco sobre Bug Bounty, o que é esse tal de bug bounty, como posso começar, quais as principais plataformas que são utilizadas, explicar alguns disclosures de bugs encontrados por mim e também por outros Hunters, explicar como comecei e dar algumas dicas interessantes para começar também :)
Talk|Como conectar o cérebro com um Arduino #CPNatal2 #COMUNIDADEDUMONTHACKERSPACE|Aug. 16, 2019, 10 p.m.|Aug. 16, 2019, 10:45 p.m.|Natal, Rio Grande do Norte, Brazil|Em 1980, no filme Star Wars: O Império Contra-Ataca, o mestre Yoda ensina Luke a levantar sua nave com o poder da mente. Hoje, em 2019, quão longe estamos dessa realidade? Com o avanço da neuroengenharia, fatos que antes eram ficção, hoje em dia tornaram-se plausíveis. Só que, atualmente, a única força que temos disponível para controlar coisas com a mente, só pode ser acessada com a ajuda de softwares e componentes de hardware, os quais nos auxiliam a interagir com o meio. Ainda não conseguimos ouvir os pensamentos, por exemplo, mas podemos identificar quando algum
Talk|Design Thinking: Solucionando problemas de maneira criativa #CPNatal2 #COMUNIDADELEP|Aug. 16, 2019, 11 p.m.|Aug. 16, 2019, 11:45 p.m.|Natal, Rio Grande do Norte, Brazil|A partir de amostra das ferramentas será possível desenvolver a empatia em um contexto de um problema fazendo com que os participantes se sintam no centro de desenvolvimento de um projeto a fim de solucionar o problema citado. O objetivo principal é entender que os métodos usadas para criar soluções podem ser capazes de se conectarem aos processos de criação alcançando um alto nível de inovação.
Talk|A mulher na indústria de jogos #CPNatal2 #COMUNIDADEASBOYZINHASARRETADAS|Aug. 16, 2019, 10 p.m.|Aug. 16, 2019, 11 p.m.|Natal, Rio Grande do Norte, Brazil|A palestra mostra as dificuldades e desafios, mas também a superação de uma mulher atuante na área de jogos digitais em uma equipe/empresa composta completamente de homens.
Talk|5 passos para Colocar seu Projeto (e sua Carreira) na Direção Certa #CPNatal2|Aug. 16, 2019, 10 p.m.|Aug. 16, 2019, 10:45 p.m.|Natal, Rio Grande do Norte, Brazil|Para crescer na carreira, você precisa trabalhar em projetos desafiadores e interessantes. E os melhores projetos são aqueles onde o time está comprometido em crescer na carreira e em responsabilidade. Nessa palestra você vai entender como você pode utilizar seu conhecimento nas áreas de tecnologia para trabalhar nos melhores projetos da indústria. Ou como transformar o seu projeto atual em um projeto fantástico! Vamos juntos implantar os 5 passos vão colocar seu projeto no caminho certo. E sua carreira também.
Talk|Expectativa vs Realidade de trabalhar com dados #CPNatal2 #COMUNIDADEASBOYZINHASARRETADAS|Aug. 16, 2019, 11 p.m.|Aug. 17, 2019, midnight|Natal, Rio Grande do Norte, Brazil|Um relato da minha experiência: Minha visão sobre ciência de dados antes e depois de trabalhar com isso.
Talk|Segurança em Nuvem: a ameaça fantasma #CPNatal2 #COMUNIDADEDEVOPSRN|Aug. 16, 2019, 10 p.m.|Aug. 16, 2019, 10:45 p.m.|Natal, Rio Grande do Norte, Brazil|"Temos a estranha mania de abstrair aquilo que não nos é palpável e com a computação em nuvem não é diferente. Muitos devs e gestores de Infra negligenciam a importância das configurações de segurança dos serviços cloud ao utilizá-los, esquecendo-se de que a ""nuvem"" nada mais é que um servidor (algumas vezes somente uma instância virtualizada) de outra empresa. O equipamento (ou a instância) é alugado por um valor periódico, para fornecer os recursos de redes e computacionais necessários à sua aplicação. Nesta fase, vem o tema desta talk: a configuração de segurança do ambiente em nuvem, para muitos, ainda é uma 'ameaça fantasma'."
Talk|Hacking Mifare Classic Cards #CPNatal2 #COMUNIDADEDUMONTHACKERSPACE|Aug. 17, 2019, 2:15 p.m.|Aug. 17, 2019, 3 p.m.|Natal, Rio Grande do Norte, Brazil|Nesse Talk irei apresentar a tecnologia bastante usada(Na cidade de Natal inclusive) nos cartões de transporte público e algumas de suas vulnerabilidades. Em nenhum momento vou incentivar a prática ilegal de burlar o sistema de créditos ou incentivar práticas ilegais, apenas compartilhar o conhecimento que obtive. Além das vulnerabilidades em geral, desse tecnologia, irei apresentar seu funcionamento e como podemos melhorar essa tecnologia com boas práticas de criptografia.
Talk|Cerimônia Abertura Campus Party Natal #CPNatal2|Aug. 16, 2019, 7 p.m.|Aug. 16, 2019, 8 p.m.|Natal, Rio Grande do Norte, Brazil|Campuseiro, seja bem vindo! Estamos a todo vapor e a Campus Party Natal vai começar, você está preparado?
Talk|Educação e Tecnologia #CPNatal2 #OpenCampus|Aug. 17, 2019, 3 p.m.|Aug. 17, 2019, 3:45 p.m.|Natal, Rio Grande do Norte, Brazil|Meios possíveis de inserir a tecnologia como apoio à educação com o mínimo de traumas e perdas, considerando os recursos disponíveis hoje, o formato da educação tradicional, a formação dos professores e o conhecimento empírico das crianças e adolescentes como usuários nativos de tecnologia. O futuro da educação com a Robótica, 5G, Inteligência Artificial, Gamificação, Realidade Virtual e Aumentada e Informática Quântica.
Talk|O Poder do Mágico: Como aumentar drasticamente as chances de alguém fazer o que você quer #CPNatal2 #COMUNIDADELEP|Aug. 17, 2019, 2:15 p.m.|Aug. 17, 2019, 3 p.m.|Natal, Rio Grande do Norte, Brazil|Palestra interativa mostrando como novos conhecimentos em ciências comportamentais podem impulsionar negócios digitais.
Talk|Como a Inteligência Artificial atua na Gestão de Projetos? #CPNatal2|Aug. 17, 2019, 2:15 p.m.|Aug. 17, 2019, 3 p.m.|Natal, Rio Grande do Norte, Brazil|A gestão de projetos (GP) é um dos principais meios de inovação organizacional e por isso tem apoiado a implementação de diversas tecnologias dentro das empresas assim como também tem sofrido grandes mudanças nas últimas décadas. Junto com a computação, várias ferramentas vêm sendo desenvolvidas e utilizadas para apoiar a GP, porém há uma indicação que muitos projetos ainda não atingem o sucesso (ALLEN et al., 2014). Nesse sentido, a inteligência artificial oferece várias técnicas que estão sendo implementadas em GP para ajudar em problemáticas complexas, confusas, com múltiplas variáveis e dessa forma, a relação humano-máquina vem mudando completamente a visão de futuro da área. Esta palestra tem como objetivo mostrar uma breve descrição das áreas inteligência artificial e gestão de projetos e como elas se interligam. Além disso, mostrar um panorama geral de quais técnicas são mais utilizadas, quais as áreas e problemas da GP que a IA atua e quais são as possíveis mudanças da área a partir desta perspectiva.
Talk|O Grand Slam: Criando empregos de alta tecnologia no Brasil #CPNatal2|Aug. 16, 2019, 8:30 p.m.|Aug. 16, 2019, 9:30 p.m.|Natal, Rio Grande do Norte, Brazil|"No jogo de beisebol, um grand slam é uma rebatida de home run com todas as três bases ocupadas por corredores (""bases lotadas""), assim marcando quatro corridas—o máximo em uma jogada. É necessário, ter as condições certas para esta jogada! Hoje, todas as condições estão propícias para que vários projetos se unam permitindo que mais estudantes frequentem a universidade, tenham oportunidades de empregos técnicos bem remunerados e assim possibilitem mais produção no Brasil e na América Latina. Treze anos em processo de desenvolvimento, agora é hora do ""Grand Slam""."
Talk|HACTUS CRIATIVE - RoboLed e Cosplay ao Maker #CPNatal2|Aug. 17, 2019, 2:15 p.m.|Aug. 17, 2019, 3 p.m.|Natal, Rio Grande do Norte, Brazil|Troca de ideias sobre a diversão como ambiente de negócios e como o Maker está se tornando um negócios de futuro.
Talk|Programação para Noobs #CPNatal2 #COMUNIDADEDEVOPSRN|Aug. 17, 2019, 2:15 p.m.|Aug. 17, 2019, 3 p.m.|Natal, Rio Grande do Norte, Brazil|Relatos de uma pseudo engenheira em sua jornada de devgirl. Programar tem seus desafios e todos já foram noobs um dia, mas assim como na matemática, cada desafio pode ser superado um passo de cada vez.
Talk|Facilitadores tecnológicos para comunicação em Libras #CPNatal2|Aug. 17, 2019, 1:15 p.m.|Aug. 17, 2019, 2 p.m.|Natal, Rio Grande do Norte, Brazil|Apesar da Lei Nº 10.436, DE 24 DE ABRIL DE 2002 em seu art. 1o reconhecer a língua de sinais brasileira como meio legal de comunicação e expressão, bem como os outros recursos de expressão a ela associados. É comum para muitas pessoas que não entendem as características e as especificidades inerentes a uma língua viso-gestual rotular a mesma como sendo uma mistura de pantomima e gesticulação concreta, incapaz de expressar conceitos abstratos. Pensando ainda sobre recursos expressivos e a relevância destes para a LS, existe a criação de softwares com o propósito de traduzir/interpretar a língua de sinais, com avatares disponíveis no mercado, e muitas são as vantagens de se automatizar essa tradução, mas será que o aplicativo é capaz de fazer de fato essa tradução, considerando os parâmetros de execução dos sinais e contribuindo para uma apreensão e desenvoltura no entendimento e na execução dos sinais? Além da mediação via aplicativo, existem os dicionários ilustrados com a imagem dos sinais, tradução e orientação quanto aos parâmetros de execução dos sinais (ponto de articulação, orientação, o movimento, expressão facial e/ou corporal). Contudo, será que é possível apreender e executar os sinais apenas olhando e interpretando tais materiais? Levando em consideração que tais parâmetros são fundamentais e desempenham uma função distintiva, isto é, a mudança de apenas um dos Parâmetros, mantendo os outros iguais, pode dar origem a um sinal totalmente diferente, propomos então uma palestra que expresse e possibilite o entendimento e a vivência desse processo, demonstrando o quão importante é a observância cuidadosa dos sinais no aprendizado, ao longo do contato com a Libras.
Talk|Ser uma Artista Mulher #CPNatal2 #COMUNIDADEASBOYZINHASARRETADAS|Aug. 17, 2019, 2 p.m.|Aug. 17, 2019, 3 p.m.|Natal, Rio Grande do Norte, Brazil|A presente atividade buscará expor e discutir como é ser uma artista mulher - seus desafios, conquistas, aprendizados e vantagens - e para além disto, trazer para o público qual é o nosso lugar e como estamos ocupando-o ao longo dos anos. Afinal, O que ser mulher e artista representa para nós hoje?
Talk|Sustentabilidade da TI – Escola de TI para a gestão pública e RN CONSIGSustentabilidade da TI – Escola de TI para a gestão pública e RN CONSIG #CPNatal2 #OpenCampus|Aug. 17, 2019, 2 p.m.|Aug. 17, 2019, 2:45 p.m.|Natal, Rio Grande do Norte, Brazil|Como o governo do Estado procura a sustentabilidade do setor de desenvolvimento de software, caso de uso Escola de TI para Gestão Pública e RN COnsig
Talk|DevSecOps - Continuous Application Security Testing #CPNatal2 #COMUNIDADEDEVOPSRN|Aug. 17, 2019, 1:15 p.m.|Aug. 17, 2019, 2 p.m.|Natal, Rio Grande do Norte, Brazil|A metodologia DevOps não envolve apenas as equipes de desenvolvimento e de operações. Se você quiser aproveitar ao máximo a agilidade e a capacidade de resposta proporcionadas pela abordagem DevOps, também será necessário que a equipe de segurança da TI desempenhe um papel integrado em todo o ciclo de vida das aplicações da sua empresa ou organização.
Talk|A relação da tecnologia e a saúde mental #CPNatal2|Aug. 17, 2019, 2:15 p.m.|Aug. 17, 2019, 3 p.m.|Natal, Rio Grande do Norte, Brazil|Atividade para discussão sobre impactos positivos e negativos das tecnologias na saúde mental do usuário de tecnologias
Talk|Parque da Cidade - Espaço de conhecimento, lazer e qualidade de vida #CPNatal2|Aug. 17, 2019, 1:15 p.m.|Aug. 17, 2019, 2 p.m.|Natal, Rio Grande do Norte, Brazil|Apresentação da Unidade de Conservação Municipal e suas atividades, consolidando os objetivos de Preservação, Educação Ambiental e Pesquisa Científica
Talk|Cidade para mulheres feita por mulheres #CPNatal2 #COMUNIDADEASBOYZINHASARRETADAS|Aug. 17, 2019, 1:05 p.m.|Aug. 17, 2019, 1:55 p.m.|Natal, Rio Grande do Norte, Brazil|O objetivo da atividade é buscar trazer uma reflexão sobre como construimos as nossas cidades, a quem ela vem beneficiando e as segregações causadas pela falta de diversidade no processo de planejamento urbano, principalmente no que se diz respeito a segurança das mulheres nas ruas. Alem disso, criar uma discussão com as participantes sobre como as diferentes áreas de conhecimento poderiam colaborar com a construção de uma cidade mais segura e plural.
Talk|Marketing Digital e o Consumidor 2.0 #CPNatal2|Aug. 17, 2019, noon|Aug. 17, 2019, 1 p.m.|Natal, Rio Grande do Norte, Brazil|A palestra é uma discussão sobre a correlação do marketing digital com o comportamento do consumidor, e como isso tem mudado e transformado o desafios das marcas em ir criar novas abordagens e estratégias. Serão apresentados todos os principais hábitos, interesses e táticas que marcas têm encontrado. Também será mostrado o que tem dado resultado e o quais tipos de anúncios tem ficado cada vez mais obsoletos. 
Talk|Falha Critica - Sua aplicação/código está realmente seguro? #CPNatal2 #COMUNIDADEDEVOPSRN|Aug. 17, 2019, noon|Aug. 17, 2019, 1 p.m.|Natal, Rio Grande do Norte, Brazil|Com o crescimento dos serviços Web, a demanda de aplicações está crescendo a cada dia, em paralelo crescem as falhas de segurança, por diversos motivos, sejam eles, falhas no código da aplicação, do servidor WEB, do sistema de Firewall, a não adoção das melhores práticas de desenvolvimento de um código limpo e seguro.
Talk|Growth hacking para quê e para quem? #CPNatal2|Aug. 17, 2019, noon|Aug. 17, 2019, 1 p.m.|Natal, Rio Grande do Norte, Brazil|Nesta palestra vamos falar um pouco da importância desse profissional para a sua empresa e porque o Growth Master é essencial para otimizar os processos da sua empresa.
Talk|Novas tecnologias em saúde: O resgate de saberes milenares redesenhado o cuidado #CPNatal2 #OpenCampus|Aug. 17, 2019, 1 p.m.|Aug. 17, 2019, 1:45 p.m.|Natal, Rio Grande do Norte, Brazil|Diante do cuidado à saúde, precisamos nos responsabilizarpor boa parte da Qualidade da assistência que ofertamos, colocando todas as opções tecnológicas que dispomos em termos de conhecimentos e de saberes, a serviço do usuário.
Talk|OrtogOnBlender : Computação gráfica 3D gratuita e livre para a saúde humana! #CPNatal2|Aug. 18, 2019, 6:30 p.m.|Aug. 18, 2019, 7:30 p.m.|Natal, Rio Grande do Norte, Brazil|Originalmente desenvolvido para o planejamento de cirurgia de deformações faciais, o OrtogOnBlender tem se tornado uma referência livre e gratuita para as novas tecnologias na saúde humana e veterinária. O add-on permite ao usuário digitalizar em 3D faces e objetos por fotografia (fotogrametria), reconstruir tomografias computadorizadas, segmentar peças anatômicas e fazer complexos cálculos de gráficos booleanos, bastante presentes na impressão 3D. Acompanhe a atividade e veja os casos onde o add-on foi utilizado, bem como o imenso número de possibilidades dentro da já fascinante área do 3D!
Talk|Comece sua startup global em Natal #CPNatal2|Aug. 17, 2019, noon|Aug. 17, 2019, 1 p.m.|Natal, Rio Grande do Norte, Brazil|Tive uma ideia em Natal, e agora? Nesse bate-papo iremos conversar sobre quais são os diferenciais que uma ideia de negócio precisa ter para se tornar global e quais são as oportunidades que podem ser construídas dentro do Rio Grande do Norte.
Workshops|Pensamento Computacional Desplugado #CPNatal2 ##OpenCampus|Aug. 17, 2019, 12:30 p.m.|Aug. 17, 2019, 1:30 p.m.|Natal, Rio Grande do Norte, Brazil|Baseado em práticas de eletricidade, nos desenvolvemos uma maneira de explicar como podemos trabalhar o racíocinio computacional sem está ligado a um computador
Workshops|Minicurso de Pitch - Como prender a atenção e gerar interesse da forma certa #CPNatal2 #COMUNIDADELEP|Aug. 17, 2019, 1:15 p.m.|Aug. 17, 2019, 2 p.m.|Natal, Rio Grande do Norte, Brazil|Iremos aprender sobre: o que é Pitch, quais os tipos, o que é preciso saber antes de montar um Pitch e quais os seus principais elementos.
Workshops|Design Gráfico com software livre, Inkscape no Marketing Digital #CPNatal2 #COMUNIDADEDUMONTHACKERSPACE|Aug. 17, 2019, 1:15 p.m.|Aug. 17, 2019, 2 p.m.|Natal, Rio Grande do Norte, Brazil|Ensino de software livre Inkscape na criação de peças publicitárias, pensando alternativas para designers iniciantes.
Talk|Girl Power! - Comunidades e Feminismos STEM #CPNatal2 #OpenCampus|Aug. 18, 2019, 6 p.m.|Aug. 18, 2019, 7 p.m.|Natal, Rio Grande do Norte, Brazil|Painel com integrantes de três comunidades femininas das áreas STEM: Fernanda Cabral (WiE - Women in Engineering), Kally Lopes (MUTE - Mulheres Unidas nas Tecnológicas e Exatas) e Gabriela Cavalcante (Pyladies).O painel tem como objetivo discutir sobre como as comunidades voltadas pras mulheres contribuem para o empoderamento feminino dentro dos espaços das ciências exatas e tecnológicas, bem como falar sobre as atividades que os grupos tem desenvolvido para promover esse empoderamento e a permanência das mulheres nesse espaços majoritariamente masculinos.
Workshops|Afinal, o que é uma metodologia ágil? #CPNatal2 #COMUNIDADELEP|Aug. 17, 2019, noon|Aug. 17, 2019, 1 p.m.|Natal, Rio Grande do Norte, Brazil|Apresentação de algumas das principais metodologias ágeis (Kanban, Scrum e XP) e discussão sobre suas aplicabilidades e casos de uso com dinâmicas interativas.
Workshops|Primeiros passos para um DIY home Jarvis #CPNatal2 #COMUNIDADEDUMONTHACKERSPACE|Aug. 17, 2019, noon|Aug. 17, 2019, 1 p.m.|Natal, Rio Grande do Norte, Brazil|Aprenderemos como montar um servidor Web em um servidor local (como um raspberry) para se conectar a dispositivos IOT como ESPs e Arduinos de modo a interagir com o ambiente por meio de sensores e atuadores, mantendo consistência do estado em um banco de dados não relacional, no nosso caso Firebase.
Workshops|Luminária Vingadores #CPNatal2 #OpenCampus|Aug. 17, 2019, 12:30 p.m.|Aug. 17, 2019, 1:30 p.m.|Natal, Rio Grande do Norte, Brazil|A atividade será uma oportunidade de montar uma luminária com princípios básicos de eletrônica, com Leds, baterias e um corpo montado com MDF e acrílico.
Workshops|Robótica Sustentável: Carrinho a propulsão a ar #CPNatal2 #OpenCampus|Aug. 17, 2019, 10:30 a.m.|Aug. 17, 2019, 12:30 p.m.|Natal, Rio Grande do Norte, Brazil|Podemos inovar em príncipios fundamentais da Física e ainda ser sustentável? Claro que sim. Utilizando materiais reciclados para desenvolver um carrinho que utiliza príncipios físicos e junta o Maker e o STEAM para uma educação do futuro. Venha conhecer.
Workshops|Break the problem #CPNatal2 #COMUNIDADELEP|Aug. 16, 2019, 10 p.m.|Aug. 16, 2019, 10:45 p.m.|Natal, Rio Grande do Norte, Brazil|Como utilizar 4 ferramentas para resolver problemas empresariais.
Workshops|Modelando com Thinkercad #CPNatal2 #OpenCampus|Aug. 17, 2019, 10:30 a.m.|Aug. 17, 2019, 12:30 p.m.|Natal, Rio Grande do Norte, Brazil|O Tinkercad é um aplicativo gratuito e fácil de usar para projetos 3D, componentes eletrônicos e codificação. É usado por professores, crianças, amadores e projetistas para imaginar, projetar e fabricar qualquer coisa! Nesta oficina o participante da oficina precisa trazer seu o seu notebook.
Workshops|O que é o heroku e como utilizá-lo #CPNatal2 #COMUNIDADEDEVOPSRN|Aug. 16, 2019, 11 p.m.|Aug. 16, 2019, 11:45 p.m.|Natal, Rio Grande do Norte, Brazil|Explicação básica sobre IAAS e PAAS, introdução ao heroku e mão na massa para subir uma aplicação nele.
Workshops|Introdução ao HTML e CSS: Colorindo o mundo web #CPNatal2 #COMUNIDADEASBOYZINHASARRETADAS|Aug. 17, 2019, 11 a.m.|Aug. 17, 2019, 1 p.m.|Natal, Rio Grande do Norte, Brazil|Uma breve introdução dos primeiros passos de um(a) desenvolvedor(a) no maravilhoso mundo web. Nesse workshop iremos aprender como são criadas e estilizadas as interfaces que vemos diariamente ao acessarmos a internet.
Talk|Interface Cérebro-Máquina: Decodificando o Cérebro #CPNatal2|Aug. 17, 2019, 2:15 p.m.|Aug. 17, 2019, 3 p.m.|Natal, Rio Grande do Norte, Brazil|"Imagine um mundo onde as máquinas podem ser controladas apenas pelo ""pensamento"". Esse cenário de ficção científica é uma das promessas das Interfaces Cérebro-Máquina (ICMs). Nesta palestra, apresentaremos essa tecnologia que está ajudando a assistir, aumentar e reparar funções motoras e cognitivas em seres humanos. Também faremos uma demonstração ao vivo do controle de um Sabre de Luz Sith com o poder da força/mente (onde realizaremos o registro da atividade elétrica do cérebro de um voluntário e usaremos essa informação para controlar o dispositivo)."
